group	x	y
3935	-599572800	27.1
3935	-596894400	26.6
3935	-594475200	26.3
3935	-591796800	26.6
3935	-589204800	26.4
3935	-586526400	26.6
3935	-583934400	25.9
3935	-581256000	26.2
3935	-578577600	26.4
3935	-575985600	26.7
3935	-573307200	27.1
3935	-570715200	27.1
3935	-568036800	27.1
3935	-565358400	27.2
3935	-562852800	26.8
3935	-560174400	26.4
3935	-557582400	26.9
3935	-554904000	26.4
3935	-552312000	26.2
3935	-549633600	26.4
3935	-546955200	26.4
3935	-544363200	26.5
3935	-541684800	26.3
3935	-539092800	26.6
3935	-536414400	26.9
3935	-533736000	26.7
3935	-531316800	26.3
3935	-528638400	26.1
3935	-526046400	25.8
3935	-523368000	26.2
3935	-520776000	25.7
3935	-518097600	25.7
3935	-515419200	26.1
3935	-512827200	26.5
3935	-510148800	26.8
3935	-507556800	26.7
3935	-504878400	26.7
3935	-502200000	26.4
3935	-499780800	26.7
3935	-497102400	26.8
3935	-494510400	26.8
3935	-491832000	26.4
3935	-489240000	26.4
3935	-486561600	26.3
3935	-483883200	26.7
3935	-481291200	26.7
3935	-478612800	26.6
3935	-476020800	26.7
3935	-473342400	26.9
3935	-470664000	26.9
3935	-468244800	26.1
3935	-465566400	26.7
3935	-462974400	26.7
3935	-460296000	26.3
3935	-457704000	26.2
3935	-455025600	26.2
3935	-452347200	25.9
3935	-449755200	26.7
3935	-447076800	26.4
3935	-444484800	26
3935	-441806400	26.2
3935	-439128000	26.3
3935	-436622400	26.1
3935	-433944000	26.6
3935	-431352000	27.1
3935	-428673600	26.7
3935	-426081600	26.6
3935	-423403200	26.8
3935	-420724800	27.1
3935	-418132800	27.2
3935	-415454400	26.9
3935	-412862400	26.9
3935	-410184000	26.8
3935	-407505600	26.2
3935	-405086400	26.3
3935	-402408000	26.8
3935	-399816000	26.4
3935	-397137600	26
3935	-394545600	26.2
3935	-391867200	26.4
3935	-389188800	26.4
3935	-386596800	26.6
3935	-383918400	26.7
3935	-381326400	26.9
3935	-378648000	27.1
3935	-375969600	27.3
3935	-373550400	27.2
3935	-370872000	26.8
3935	-368280000	26.9
3935	-365601600	26.2
3935	-363009600	26.1
3935	-360331200	26.4
3935	-357652800	27
3935	-355060800	27.1
3935	-352382400	26.8
3935	-349790400	26.6
3935	-347112000	26.9
3935	-344433600	26.8
3935	-342014400	26.8
3935	-339336000	26.8
3935	-336744000	26.8
3935	-334065600	26.4
3935	-331473600	26.1
3935	-328795200	25.8
3935	-326116800	25.8
3935	-323524800	26.7
3935	-320846400	26.7
3935	-318254400	26.9
3935	-315576000	26.9
3935	-312897600	26.4
3935	-310392000	26.2
3935	-307713600	26.4
3935	-305121600	27.1
3935	-302443200	26.8
3935	-299851200	26.1
3935	-297172800	26.4
3935	-294494400	26.8
3935	-291902400	26.5
3935	-289224000	27.3
3935	-286632000	27.1
3935	-283953600	27.1
3935	-281275200	27.1
3935	-278856000	26.8
3935	-276177600	26.9
3935	-273585600	26.9
3935	-270907200	26.6
3935	-268315200	25.9
3935	-265636800	26.4
3935	-262958400	26.3
3935	-260366400	26.4
3935	-257688000	26.4
3935	-255096000	26.9
3935	-252417600	27.1
3935	-249739200	26.7
3935	-247320000	26.8
3935	-244641600	26.5
3935	-242049600	26.5
3935	-239371200	26.1
3935	-236779200	26.4
3935	-234100800	26.3
3935	-231422400	26.6
3935	-228830400	26.9
3935	-226152000	26.5
3935	-223560000	26.5
3935	-220881600	26.8
3935	-218203200	26.6
3935	-215784000	26.5
3935	-213105600	26.6
3935	-210513600	26.6
3935	-207835200	26.8
3935	-205243200	26
3935	-202564800	26.4
3935	-199886400	26.2
3935	-197294400	26
3935	-194616000	26.2
3935	-192024000	26.6
3935	-189345600	26.8
3935	-186667200	27
3935	-184161600	26.9
3935	-181483200	26.8
3935	-178891200	26.8
3935	-176212800	26.3
3935	-173620800	26.2
3935	-170942400	26.2
3935	-168264000	26.8
3935	-165672000	26.8
3935	-162993600	26.5
3935	-160401600	26.4
3935	-157723200	26.4
3935	-155044800	26.7
3935	-152625600	26.3
3935	-149947200	26.3
3935	-147355200	26.1
3935	-144676800	25.5
3935	-142084800	25.1
3935	-139406400	25.2
3935	-136728000	26.1
3935	-134136000	26.1
3935	-131457600	26.1
3935	-128865600	26.7
3935	-126187200	26.7
3935	-123508800	27.1
3935	-121089600	26.6
3935	-118411200	26.7
3935	-115819200	26.5
3935	-113140800	26.4
3935	-110548800	26.2
3935	-107870400	26.5
3935	-105192000	26.6
3935	-102600000	26.8
3935	-99921600	26.4
3935	-97329600	26.5
3935	-94651200	26.4
3935	-91972800	26.3
3935	-89553600	26.3
3935	-86875200	26.5
3935	-84283200	26.7
3935	-81604800	26.6
3935	-79012800	26.2
3935	-76334400	26.1
3935	-73656000	26.4
3935	-71064000	26.1
3935	-68385600	26.2
3935	-65793600	27
3935	-63115200	26.8
3935	-60436800	26.5
3935	-57931200	26.6
3935	-55252800	26.2
3935	-52660800	26.8
3935	-49982400	26.5
3935	-47390400	25.8
3935	-44712000	26
3935	-42033600	26.2
3935	-39441600	26.6
3935	-36763200	26.7
3935	-34171200	26.7
3935	-31492800	26.8
3935	-28814400	26.8
3935	-26395200	27
3935	-23716800	27.3
3935	-21124800	27.3
3935	-18446400	26.7
3935	-15854400	26.3
3935	-13176000	26.2
3935	-10497600	26.6
3935	-7905600	26.9
3935	-5227200	27.1
3935	-2635200	26.8
3935	43200	27.3
3935	2721600	26.9
3935	5140800	27.1
3935	7819200	26.5
3935	10411200	26.8
3935	13089600	26.4
3935	15681600	26.3
3935	18360000	26.6
3935	21038400	26.4
3935	23630400	26.5
3935	26308800	26.6
3935	28900800	26.7
3935	31579200	26.6
3935	34257600	26.7
3935	36676800	26
3935	39355200	26.5
3935	41947200	26.6
3935	44625600	26.3
3935	47217600	26
3935	49896000	26.3
3935	52574400	26.6
3935	55166400	26.5
3935	57844800	26.8
3935	60436800	26.5
3935	63115200	26.2
3935	65793600	26.9
3935	68299200	26.6
3935	70977600	26.7
3935	73569600	26.7
3935	76248000	26.1
3935	78840000	25.8
3935	81518400	25.3
3935	84196800	26
3935	86788800	26.4
3935	89467200	27.3
3935	92059200	27.2
3935	94737600	27.5
3935	97416000	27
3935	99835200	27.7
3935	102513600	27
3935	105105600	26.6
3935	107784000	27
3935	110376000	26.2
3935	113054400	26.5
3935	115732800	26.9
3935	118324800	26.8
3935	121003200	26.9
3935	123595200	26.8
3935	126273600	26.4
3935	128952000	26.3
3935	131371200	27.2
3935	134049600	25.6
3935	136641600	26.7
3935	139320000	26.7
3935	141912000	26.7
3935	144590400	26.6
3935	147268800	26
3935	149860800	26.5
3935	152539200	26.6
3935	155131200	26.2
3935	157809600	26.5
3935	160488000	26.3
3935	162907200	26.3
3935	165585600	26.5
3935	168177600	26.5
3935	170856000	25.9
3935	173448000	25.5
3935	176126400	25.7
3935	178804800	25.8
3935	181396800	26.3
3935	184075200	26.2
3935	186667200	26.3
3935	189345600	26.4
3935	192024000	25.8
3935	194529600	26.2
3935	197208000	26.3
3935	199800000	26.4
3935	202478400	25.9
3935	205070400	25.9
3935	207748800	25.5
3935	210427200	25.6
3935	213019200	26.5
3935	215697600	26.7
3935	218289600	26.7
3935	220968000	26.8
3935	223646400	27.1
3935	226065600	26.5
3935	228744000	26.8
3935	231336000	26.3
3935	234014400	26.1
3935	236606400	26.1
3935	239284800	26
3935	241963200	25.9
3935	244555200	26.2
3935	247233600	26.3
3935	249825600	26.9
3935	252504000	27.1
3935	255182400	26.7
3935	257601600	27
3935	260280000	26.5
3935	262872000	26.8
3935	265550400	26.3
3935	268142400	25.6
3935	270820800	26
3935	273499200	26.1
3935	276091200	26.1
3935	278769600	26.8
3935	281361600	26.7
3935	284040000	26.8
3935	286718400	26.6
3935	289137600	26.9
3935	291816000	27.1
3935	294408000	26.8
3935	297086400	26.7
3935	299678400	26
3935	302356800	26
3935	305035200	26.4
3935	307627200	27.4
3935	310305600	26.8
3935	312897600	26.5
3935	315576000	26.9
3935	318254400	26.8
3935	320760000	26.4
3935	323438400	27
3935	326030400	26.7
3935	328708800	26.1
3935	331300800	26.2
3935	333979200	26.1
3935	336657600	26.2
3935	339249600	26.3
3935	341928000	26.7
3935	344520000	27.4
3935	347198400	27.2
3935	349876800	26.9
3935	352296000	26.8
3935	354974400	26.9
3935	357566400	26.8
3935	360244800	26.5
3935	362836800	26.3
3935	365515200	26
3935	368193600	26.5
3935	370785600	26.9
3935	373464000	27
3935	376056000	27.3
3935	378734400	27
3935	381412800	26.6
3935	383832000	26.9
3935	386510400	26.7
3935	389102400	26.9
3935	391780800	26.2
3935	394372800	25.3
3935	397051200	25.5
3935	399729600	25.6
3935	402321600	25.3
3935	4.05e+08	25.9
3935	407592000	27.1
3935	410270400	27.3
3935	412948800	26.9
3935	415368000	27
3935	418046400	26.8
3935	420638400	26.9
3935	423316800	26.3
3935	425908800	25.7
3935	428587200	25.5
3935	431265600	26.1
3935	433857600	26.5
3935	436536000	26.7
3935	439128000	26.9
3935	441806400	26.8
3935	444484800	27.1
3935	446990400	26.6
3935	449668800	26.7
3935	452260800	26.7
3935	454939200	26.2
3935	457531200	25.7
3935	460209600	26
3935	462888000	26.7
3935	465480000	26.7
3935	468158400	26.6
3935	470750400	27
3935	473428800	26.8
3935	476107200	27.4
3935	478526400	26.8
3935	481204800	27.1
3935	483796800	26.6
3935	486475200	26.4
3935	489067200	25.9
3935	491745600	26.2
3935	494424000	26.7
3935	497016000	26.5
3935	499694400	26.9
3935	502286400	27.1
3935	504964800	27.4
3935	507643200	26.9
3935	510062400	27.1
3935	512740800	26.8
3935	515332800	26.4
3935	518011200	26.6
3935	520603200	25.8
3935	523281600	26.3
3935	525960000	26.4
3935	528552000	27
3935	531230400	27.1
3936	541598400	27.5
3936	544276800	27.1
3936	546868800	27.1
3936	549547200	26.9
3936	552139200	26.6
3936	554817600	26.3
3936	557496000	27.3
3936	560088000	27.5
3936	562766400	27.8
3936	565358400	27.8
3936	568036800	27.3
3936	570715200	27.5
3936	573220800	27.1
3936	575899200	27.4
3936	578491200	27.5
3936	581169600	27.2
3936	583761600	26.6
3936	586440000	27.4
3936	589118400	27
3936	591710400	27
3936	594388800	27
3936	596980800	26.6
3936	599659200	26.4
3936	602337600	26.4
3936	604756800	26.8
3936	607435200	26.9
3936	610027200	26.8
3936	612705600	26.9
3936	615297600	27.1
3936	617976000	27.3
3936	620654400	27.3
3936	623246400	27.8
3936	625924800	28.5
3936	628516800	27.7
3936	631195200	27.9
3936	633873600	27.7
3936	636292800	27.8
3936	638971200	27.6
3936	641563200	27.8
3936	644241600	27.3
3936	646833600	26.9
3936	649512000	27.4
3936	652190400	27.3
3936	654782400	28.1
3936	657460800	27.9
3936	660052800	27.7
