x	y	label	showSelected1	group
-2.5	5	1 station	132	-1
-2.5	5	2 stations	147	-1
-2.5	5	1 station	159	-1
-2.5	5	1 station	161	-1
-2.5	5	1 station	186	-1
-2.5	5	1 station	188	-1
-2.5	5	1 station	189	-1
-2.5	5	1 station	197	-1
-2.5	5	1 station	213	-1
-2.5	5	1 station	218	-1
-2.5	5	1 station	248	-1
-2.5	5	1 station	250	-1
-2.5	5	1 station	253	-1
-2.5	5	1 station	280	-1
-2.5	5	1 station	293	-1
-2.5	5	1 station	296	-1
-2.5	5	1 station	297	-1
-2.5	5	1 station	302	-1
-2.5	5	1 station	304	-1
-2.5	5	1 station	305	-1
-2.5	5	1 station	306	-1
-2.5	5	1 station	309	-1
-2.5	5	1 station	312	-1
-2.5	5	1 station	315	-1
-2.5	5	1 station	317	-1
-2.5	5	1 station	336	-1
-2.5	5	1 station	337	-1
-2.5	5	3 stations	338	-1
-2.5	5	1 station	405	-1
-2.5	5	1 station	406	-1
-2.5	5	9 stations	408	-1
-2.5	5	3 stations	409	-1
-2.5	5	1 station	507	-1
-2.5	5	1 station	509	-1
-2.5	5	1 station	526	-1
-2.5	5	1 station	548	-1
-2.5	5	3 stations	552	-1
-2.5	5	1 station	553	-1
-2.5	5	7 stations	554	-1
-2.5	5	4 stations	555	-1
-2.5	5	2 stations	556	-1
-2.5	5	2 stations	578	-1
-2.5	5	2 stations	579	-1
-2.5	5	1 station	598	-1
-2.5	5	1 station	602	-1
-2.5	5	1 station	605	-1
-2.5	5	5 stations	626	-1
-2.5	5	2 stations	627	-1
-2.5	5	2 stations	628	-1
-2.5	5	4 stations	650	-1
-2.5	5	21 stations	655	-1
-2.5	5	1 station	686	-1
-2.5	5	1 station	696	-1
-2.5	5	3 stations	697	-1
-2.5	5	3 stations	698	-1
-2.5	5	9 stations	699	-1
-2.5	5	1 station	720	-1
-2.5	5	2 stations	721	-1
-2.5	5	6 stations	722	-1
-2.5	5	4 stations	726	-1
-2.5	5	26 stations	727	-1
-2.5	5	27 stations	728	-1
-2.5	5	10 stations	729	-1
-2.5	5	1 station	741	-1
-2.5	5	1 station	759	-1
-2.5	5	1 station	767	-1
-2.5	5	10 stations	768	-1
-2.5	5	13 stations	769	-1
-2.5	5	6 stations	770	-1
-2.5	5	13 stations	771	-1
-2.5	5	1 station	797	-1
-2.5	5	25 stations	798	-1
-2.5	5	30 stations	799	-1
-2.5	5	10 stations	800	-1
-2.5	5	25 stations	801	-1
-2.5	5	6 stations	802	-1
-2.5	5	3 stations	803	-1
-2.5	5	6 stations	804	-1
-2.5	5	29 stations	805	-1
-2.5	5	3 stations	822	-1
-2.5	5	7 stations	823	-1
-2.5	5	5 stations	824	-1
-2.5	5	6 stations	825	-1
-2.5	5	9 stations	839	-1
-2.5	5	20 stations	840	-1
-2.5	5	15 stations	841	-1
-2.5	5	14 stations	842	-1
-2.5	5	7 stations	843	-1
-2.5	5	1 station	844	-1
-2.5	5	1 station	867	-1
-2.5	5	35 stations	870	-1
-2.5	5	12 stations	871	-1
-2.5	5	4 stations	872	-1
-2.5	5	3 stations	873	-1
-2.5	5	1 station	874	-1
-2.5	5	2 stations	875	-1
-2.5	5	3 stations	876	-1
-2.5	5	5 stations	877	-1
-2.5	5	2 stations	878	-1
-2.5	5	1 station	891	-1
-2.5	5	5 stations	894	-1
-2.5	5	16 stations	895	-1
-2.5	5	4 stations	896	-1
-2.5	5	4 stations	897	-1
-2.5	5	8 stations	910	-1
-2.5	5	17 stations	911	-1
-2.5	5	15 stations	912	-1
-2.5	5	6 stations	913	-1
-2.5	5	10 stations	914	-1
-2.5	5	7 stations	915	-1
-2.5	5	1 station	922	-1
-2.5	5	1 station	927	-1
-2.5	5	1 station	929	-1
-2.5	5	1 station	936	-1
-2.5	5	3 stations	939	-1
-2.5	5	1 station	940	-1
-2.5	5	8 stations	942	-1
-2.5	5	13 stations	943	-1
-2.5	5	6 stations	944	-1
-2.5	5	3 stations	945	-1
-2.5	5	2 stations	946	-1
-2.5	5	1 station	948	-1
-2.5	5	6 stations	949	-1
-2.5	5	2 stations	950	-1
-2.5	5	4 stations	961	-1
-2.5	5	1 station	963	-1
-2.5	5	2 stations	964	-1
-2.5	5	1 station	965	-1
-2.5	5	1 station	966	-1
-2.5	5	6 stations	967	-1
-2.5	5	1 station	968	-1
-2.5	5	2 stations	969	-1
-2.5	5	1 station	978	-1
-2.5	5	21 stations	981	-1
-2.5	5	19 stations	982	-1
-2.5	5	8 stations	983	-1
-2.5	5	6 stations	984	-1
-2.5	5	8 stations	985	-1
-2.5	5	3 stations	986	-1
-2.5	5	3 stations	987	-1
-2.5	5	1 station	999	-1
-2.5	5	1 station	1002	-1
-2.5	5	1 station	1003	-1
-2.5	5	1 station	1004	-1
-2.5	5	2 stations	1008	-1
-2.5	5	5 stations	1009	-1
-2.5	5	2 stations	1011	-1
-2.5	5	1 station	1014	-1
-2.5	5	12 stations	1015	-1
-2.5	5	5 stations	1016	-1
-2.5	5	5 stations	1017	-1
-2.5	5	5 stations	1018	-1
-2.5	5	5 stations	1019	-1
-2.5	5	5 stations	1020	-1
-2.5	5	1 station	1032	-1
-2.5	5	1 station	1033	-1
-2.5	5	1 station	1034	-1
-2.5	5	3 stations	1035	-1
-2.5	5	4 stations	1036	-1
-2.5	5	4 stations	1037	-1
-2.5	5	3 stations	1038	-1
-2.5	5	1 station	1039	-1
-2.5	5	2 stations	1040	-1
-2.5	5	2 stations	1041	-1
-2.5	5	1 station	1042	-1
-2.5	5	1 station	1046	-1
-2.5	5	2 stations	1052	-1
-2.5	5	18 stations	1053	-1
-2.5	5	12 stations	1054	-1
-2.5	5	4 stations	1055	-1
-2.5	5	5 stations	1056	-1
-2.5	5	7 stations	1057	-1
-2.5	5	13 stations	1058	-1
-2.5	5	5 stations	1059	-1
-2.5	5	1 station	1060	-1
-2.5	5	2 stations	1073	-1
-2.5	5	1 station	1074	-1
-2.5	5	2 stations	1075	-1
-2.5	5	1 station	1076	-1
-2.5	5	1 station	1079	-1
-2.5	5	1 station	1080	-1
-2.5	5	2 stations	1081	-1
-2.5	5	1 station	1083	-1
-2.5	5	5 stations	1088	-1
-2.5	5	2 stations	1089	-1
-2.5	5	6 stations	1090	-1
-2.5	5	1 station	1091	-1
-2.5	5	1 station	1095	-1
-2.5	5	1 station	1097	-1
-2.5	5	1 station	1105	-1
-2.5	5	1 station	1106	-1
-2.5	5	4 stations	1107	-1
-2.5	5	3 stations	1108	-1
-2.5	5	2 stations	1109	-1
-2.5	5	3 stations	1110	-1
-2.5	5	3 stations	1111	-1
-2.5	5	1 station	1112	-1
-2.5	5	5 stations	1113	-1
-2.5	5	3 stations	1114	-1
-2.5	5	10 stations	1124	-1
-2.5	5	12 stations	1125	-1
-2.5	5	6 stations	1126	-1
-2.5	5	2 stations	1128	-1
-2.5	5	2 stations	1129	-1
-2.5	5	5 stations	1130	-1
-2.5	5	3 stations	1131	-1
-2.5	5	11 stations	1132	-1
-2.5	5	1 station	1144	-1
-2.5	5	2 stations	1145	-1
-2.5	5	1 station	1149	-1
-2.5	5	1 station	1150	-1
-2.5	5	3 stations	1151	-1
-2.5	5	2 stations	1152	-1
-2.5	5	1 station	1153	-1
-2.5	5	1 station	1156	-1
-2.5	5	1 station	1157	-1
-2.5	5	3 stations	1159	-1
-2.5	5	1 station	1160	-1
-2.5	5	1 station	1162	-1
-2.5	5	2 stations	1163	-1
-2.5	5	1 station	1164	-1
-2.5	5	3 stations	1165	-1
-2.5	5	7 stations	1166	-1
-2.5	5	8 stations	1167	-1
-2.5	5	1 station	1174	-1
-2.5	5	2 stations	1181	-1
-2.5	5	1 station	1182	-1
-2.5	5	5 stations	1183	-1
-2.5	5	8 stations	1184	-1
-2.5	5	3 stations	1185	-1
-2.5	5	9 stations	1186	-1
-2.5	5	1 station	1191	-1
-2.5	5	2 stations	1195	-1
-2.5	5	24 stations	1196	-1
-2.5	5	14 stations	1197	-1
-2.5	5	7 stations	1198	-1
-2.5	5	1 station	1199	-1
-2.5	5	1 station	1200	-1
-2.5	5	3 stations	1201	-1
-2.5	5	3 stations	1202	-1
-2.5	5	3 stations	1203	-1
-2.5	5	13 stations	1204	-1
-2.5	5	1 station	1205	-1
-2.5	5	1 station	1216	-1
-2.5	5	1 station	1220	-1
-2.5	5	2 stations	1223	-1
-2.5	5	1 station	1225	-1
-2.5	5	2 stations	1227	-1
-2.5	5	1 station	1230	-1
-2.5	5	1 station	1231	-1
-2.5	5	1 station	1232	-1
-2.5	5	2 stations	1233	-1
-2.5	5	3 stations	1234	-1
-2.5	5	1 station	1236	-1
-2.5	5	1 station	1237	-1
-2.5	5	1 station	1238	-1
-2.5	5	3 stations	1239	-1
-2.5	5	3 stations	1240	-1
-2.5	5	1 station	1246	-1
-2.5	5	1 station	1249	-1
-2.5	5	4 stations	1253	-1
-2.5	5	2 stations	1254	-1
-2.5	5	5 stations	1255	-1
-2.5	5	4 stations	1256	-1
-2.5	5	7 stations	1257	-1
-2.5	5	14 stations	1258	-1
-2.5	5	1 station	1259	-1
-2.5	5	1 station	1260	-1
-2.5	5	1 station	1267	-1
-2.5	5	3 stations	1268	-1
-2.5	5	8 stations	1269	-1
-2.5	5	7 stations	1270	-1
-2.5	5	6 stations	1271	-1
-2.5	5	5 stations	1272	-1
-2.5	5	4 stations	1273	-1
-2.5	5	3 stations	1274	-1
-2.5	5	1 station	1275	-1
-2.5	5	11 stations	1276	-1
-2.5	5	7 stations	1277	-1
-2.5	5	1 station	1278	-1
-2.5	5	1 station	1291	-1
-2.5	5	1 station	1294	-1
-2.5	5	1 station	1295	-1
-2.5	5	1 station	1298	-1
-2.5	5	1 station	1307	-1
-2.5	5	1 station	1308	-1
-2.5	5	1 station	1309	-1
-2.5	5	4 stations	1310	-1
-2.5	5	2 stations	1311	-1
-2.5	5	11 stations	1312	-1
-2.5	5	2 stations	1313	-1
-2.5	5	1 station	1323	-1
-2.5	5	2 stations	1324	-1
-2.5	5	2 stations	1325	-1
-2.5	5	8 stations	1326	-1
-2.5	5	5 stations	1327	-1
-2.5	5	7 stations	1328	-1
-2.5	5	9 stations	1329	-1
-2.5	5	17 stations	1330	-1
-2.5	5	8 stations	1331	-1
-2.5	5	1 station	1333	-1
-2.5	5	2 stations	1334	-1
-2.5	5	4 stations	1343	-1
-2.5	5	3 stations	1344	-1
-2.5	5	3 stations	1345	-1
-2.5	5	1 station	1346	-1
-2.5	5	4 stations	1347	-1
-2.5	5	11 stations	1348	-1
-2.5	5	1 station	1351	-1
-2.5	5	2 stations	1364	-1
-2.5	5	1 station	1370	-1
-2.5	5	1 station	1371	-1
-2.5	5	4 stations	1372	-1
-2.5	5	3 stations	1373	-1
-2.5	5	2 stations	1374	-1
-2.5	5	1 station	1375	-1
-2.5	5	3 stations	1377	-1
-2.5	5	2 stations	1378	-1
-2.5	5	2 stations	1379	-1
-2.5	5	1 station	1380	-1
-2.5	5	2 stations	1381	-1
-2.5	5	1 station	1382	-1
-2.5	5	6 stations	1384	-1
-2.5	5	5 stations	1385	-1
-2.5	5	3 stations	1388	-1
-2.5	5	5 stations	1389	-1
-2.5	5	1 station	1390	-1
-2.5	5	2 stations	1395	-1
-2.5	5	4 stations	1396	-1
-2.5	5	4 stations	1397	-1
-2.5	5	1 station	1398	-1
-2.5	5	2 stations	1399	-1
-2.5	5	5 stations	1400	-1
-2.5	5	7 stations	1401	-1
-2.5	5	10 stations	1402	-1
-2.5	5	5 stations	1403	-1
-2.5	5	14 stations	1404	-1
-2.5	5	4 stations	1405	-1
-2.5	5	7 stations	1406	-1
-2.5	5	9 stations	1407	-1
-2.5	5	2 stations	1415	-1
-2.5	5	7 stations	1416	-1
-2.5	5	3 stations	1417	-1
-2.5	5	2 stations	1418	-1
-2.5	5	6 stations	1419	-1
-2.5	5	7 stations	1420	-1
-2.5	5	7 stations	1421	-1
-2.5	5	1 station	1444	-1
-2.5	5	3 stations	1448	-1
-2.5	5	1 station	1451	-1
-2.5	5	9 stations	1452	-1
-2.5	5	5 stations	1455	-1
-2.5	5	12 stations	1456	-1
-2.5	5	3 stations	1457	-1
-2.5	5	1 station	1458	-1
-2.5	5	1 station	1460	-1
-2.5	5	8 stations	1461	-1
-2.5	5	3 stations	1462	-1
-2.5	5	3 stations	1467	-1
-2.5	5	2 stations	1468	-1
-2.5	5	5 stations	1469	-1
-2.5	5	7 stations	1470	-1
-2.5	5	2 stations	1471	-1
-2.5	5	2 stations	1472	-1
-2.5	5	6 stations	1473	-1
-2.5	5	6 stations	1474	-1
-2.5	5	6 stations	1475	-1
-2.5	5	8 stations	1476	-1
-2.5	5	9 stations	1477	-1
-2.5	5	14 stations	1478	-1
-2.5	5	10 stations	1479	-1
-2.5	5	9 stations	1480	-1
-2.5	5	1 station	1481	-1
-2.5	5	1 station	1488	-1
-2.5	5	7 stations	1489	-1
-2.5	5	9 stations	1490	-1
-2.5	5	2 stations	1491	-1
-2.5	5	1 station	1492	-1
-2.5	5	4 stations	1493	-1
-2.5	5	10 stations	1494	-1
-2.5	5	4 stations	1495	-1
-2.5	5	1 station	1515	-1
-2.5	5	1 station	1519	-1
-2.5	5	2 stations	1524	-1
-2.5	5	5 stations	1526	-1
-2.5	5	7 stations	1527	-1
-2.5	5	13 stations	1528	-1
-2.5	5	5 stations	1529	-1
-2.5	5	1 station	1531	-1
-2.5	5	5 stations	1532	-1
-2.5	5	8 stations	1533	-1
-2.5	5	7 stations	1534	-1
-2.5	5	1 station	1538	-1
-2.5	5	2 stations	1540	-1
-2.5	5	6 stations	1541	-1
-2.5	5	6 stations	1542	-1
-2.5	5	1 station	1544	-1
-2.5	5	1 station	1545	-1
-2.5	5	1 station	1546	-1
-2.5	5	1 station	1547	-1
-2.5	5	3 stations	1548	-1
-2.5	5	4 stations	1549	-1
-2.5	5	3 stations	1550	-1
-2.5	5	6 stations	1551	-1
-2.5	5	4 stations	1552	-1
-2.5	5	1 station	1553	-1
-2.5	5	1 station	1554	-1
-2.5	5	8 stations	1561	-1
-2.5	5	17 stations	1562	-1
-2.5	5	20 stations	1563	-1
-2.5	5	7 stations	1564	-1
-2.5	5	3 stations	1565	-1
-2.5	5	10 stations	1566	-1
-2.5	5	7 stations	1567	-1
-2.5	5	11 stations	1568	-1
-2.5	5	2 stations	1569	-1
-2.5	5	2 stations	1580	-1
-2.5	5	1 station	1582	-1
-2.5	5	1 station	1590	-1
-2.5	5	1 station	1592	-1
-2.5	5	1 station	1595	-1
-2.5	5	19 stations	1596	-1
-2.5	5	7 stations	1597	-1
-2.5	5	19 stations	1598	-1
-2.5	5	13 stations	1599	-1
-2.5	5	10 stations	1600	-1
-2.5	5	5 stations	1601	-1
-2.5	5	11 stations	1602	-1
-2.5	5	12 stations	1603	-1
-2.5	5	3 stations	1604	-1
-2.5	5	8 stations	1605	-1
-2.5	5	7 stations	1606	-1
-2.5	5	4 stations	1607	-1
-2.5	5	2 stations	1609	-1
-2.5	5	1 station	1611	-1
-2.5	5	1 station	1612	-1
-2.5	5	3 stations	1613	-1
-2.5	5	2 stations	1614	-1
-2.5	5	1 station	1616	-1
-2.5	5	1 station	1617	-1
-2.5	5	2 stations	1619	-1
-2.5	5	2 stations	1620	-1
-2.5	5	2 stations	1623	-1
-2.5	5	2 stations	1624	-1
-2.5	5	2 stations	1635	-1
-2.5	5	10 stations	1636	-1
-2.5	5	8 stations	1637	-1
-2.5	5	2 stations	1638	-1
-2.5	5	2 stations	1640	-1
-2.5	5	4 stations	1641	-1
-2.5	5	4 stations	1642	-1
-2.5	5	1 station	1643	-1
-2.5	5	12 stations	1652	-1
-2.5	5	1 station	1654	-1
-2.5	5	1 station	1664	-1
-2.5	5	1 station	1665	-1
-2.5	5	1 station	1666	-1
-2.5	5	2 stations	1667	-1
-2.5	5	13 stations	1668	-1
-2.5	5	19 stations	1669	-1
-2.5	5	16 stations	1670	-1
-2.5	5	16 stations	1671	-1
-2.5	5	15 stations	1672	-1
-2.5	5	5 stations	1673	-1
-2.5	5	11 stations	1674	-1
-2.5	5	11 stations	1675	-1
-2.5	5	4 stations	1676	-1
-2.5	5	9 stations	1677	-1
-2.5	5	3 stations	1678	-1
-2.5	5	4 stations	1679	-1
-2.5	5	7 stations	1680	-1
-2.5	5	4 stations	1681	-1
-2.5	5	7 stations	1682	-1
-2.5	5	1 station	1683	-1
-2.5	5	2 stations	1684	-1
-2.5	5	3 stations	1685	-1
-2.5	5	8 stations	1686	-1
-2.5	5	2 stations	1687	-1
-2.5	5	1 station	1688	-1
-2.5	5	1 station	1689	-1
-2.5	5	1 station	1690	-1
-2.5	5	1 station	1691	-1
-2.5	5	3 stations	1692	-1
-2.5	5	1 station	1693	-1
-2.5	5	1 station	1694	-1
-2.5	5	4 stations	1695	-1
-2.5	5	5 stations	1696	-1
-2.5	5	1 station	1708	-1
-2.5	5	20 stations	1709	-1
-2.5	5	7 stations	1711	-1
-2.5	5	19 stations	1712	-1
-2.5	5	12 stations	1713	-1
-2.5	5	1 station	1714	-1
-2.5	5	1 station	1715	-1
-2.5	5	1 station	1720	-1
-2.5	5	1 station	1728	-1
-2.5	5	1 station	1732	-1
-2.5	5	1 station	1736	-1
-2.5	5	7 stations	1737	-1
-2.5	5	12 stations	1738	-1
-2.5	5	6 stations	1739	-1
-2.5	5	7 stations	1740	-1
-2.5	5	16 stations	1741	-1
-2.5	5	15 stations	1742	-1
-2.5	5	14 stations	1743	-1
-2.5	5	12 stations	1744	-1
-2.5	5	10 stations	1745	-1
-2.5	5	5 stations	1746	-1
-2.5	5	1 station	1747	-1
-2.5	5	1 station	1748	-1
-2.5	5	3 stations	1749	-1
-2.5	5	10 stations	1750	-1
-2.5	5	5 stations	1751	-1
-2.5	5	2 stations	1752	-1
-2.5	5	3 stations	1753	-1
-2.5	5	4 stations	1754	-1
-2.5	5	11 stations	1755	-1
-2.5	5	6 stations	1756	-1
-2.5	5	20 stations	1757	-1
-2.5	5	13 stations	1758	-1
-2.5	5	4 stations	1759	-1
-2.5	5	7 stations	1760	-1
-2.5	5	3 stations	1761	-1
-2.5	5	10 stations	1762	-1
-2.5	5	3 stations	1763	-1
-2.5	5	8 stations	1764	-1
-2.5	5	7 stations	1765	-1
-2.5	5	8 stations	1766	-1
-2.5	5	2 stations	1768	-1
-2.5	5	1 station	1775	-1
-2.5	5	2 stations	1777	-1
-2.5	5	13 stations	1780	-1
-2.5	5	56 stations	1781	-1
-2.5	5	47 stations	1782	-1
-2.5	5	36 stations	1783	-1
-2.5	5	32 stations	1784	-1
-2.5	5	21 stations	1785	-1
-2.5	5	23 stations	1786	-1
-2.5	5	23 stations	1787	-1
-2.5	5	18 stations	1788	-1
-2.5	5	1 station	1789	-1
-2.5	5	5 stations	1808	-1
-2.5	5	10 stations	1809	-1
-2.5	5	3 stations	1810	-1
-2.5	5	12 stations	1811	-1
-2.5	5	8 stations	1812	-1
-2.5	5	19 stations	1813	-1
-2.5	5	14 stations	1814	-1
-2.5	5	10 stations	1815	-1
-2.5	5	15 stations	1816	-1
-2.5	5	8 stations	1817	-1
-2.5	5	5 stations	1818	-1
-2.5	5	2 stations	1819	-1
-2.5	5	2 stations	1820	-1
-2.5	5	5 stations	1821	-1
-2.5	5	20 stations	1822	-1
-2.5	5	21 stations	1823	-1
-2.5	5	4 stations	1824	-1
-2.5	5	6 stations	1825	-1
-2.5	5	7 stations	1826	-1
-2.5	5	10 stations	1827	-1
-2.5	5	11 stations	1828	-1
-2.5	5	12 stations	1829	-1
-2.5	5	9 stations	1830	-1
-2.5	5	5 stations	1831	-1
-2.5	5	7 stations	1832	-1
-2.5	5	6 stations	1833	-1
-2.5	5	7 stations	1834	-1
-2.5	5	10 stations	1835	-1
-2.5	5	8 stations	1836	-1
-2.5	5	9 stations	1837	-1
-2.5	5	16 stations	1838	-1
-2.5	5	3 stations	1842	-1
-2.5	5	1 station	1843	-1
-2.5	5	6 stations	1851	-1
-2.5	5	67 stations	1852	-1
-2.5	5	51 stations	1853	-1
-2.5	5	66 stations	1854	-1
-2.5	5	46 stations	1855	-1
-2.5	5	55 stations	1856	-1
-2.5	5	31 stations	1857	-1
-2.5	5	33 stations	1858	-1
-2.5	5	36 stations	1859	-1
-2.5	5	16 stations	1860	-1
-2.5	5	38 stations	1861	-1
-2.5	5	2 stations	1879	-1
-2.5	5	6 stations	1880	-1
-2.5	5	2 stations	1881	-1
-2.5	5	9 stations	1882	-1
-2.5	5	11 stations	1883	-1
-2.5	5	15 stations	1884	-1
-2.5	5	12 stations	1885	-1
-2.5	5	12 stations	1886	-1
-2.5	5	4 stations	1887	-1
-2.5	5	5 stations	1888	-1
-2.5	5	5 stations	1889	-1
-2.5	5	4 stations	1890	-1
-2.5	5	6 stations	1891	-1
-2.5	5	6 stations	1892	-1
-2.5	5	17 stations	1893	-1
-2.5	5	14 stations	1894	-1
-2.5	5	3 stations	1895	-1
-2.5	5	1 station	1896	-1
-2.5	5	1 station	1897	-1
-2.5	5	2 stations	1898	-1
-2.5	5	11 stations	1899	-1
-2.5	5	15 stations	1900	-1
-2.5	5	9 stations	1901	-1
-2.5	5	6 stations	1902	-1
-2.5	5	12 stations	1903	-1
-2.5	5	12 stations	1904	-1
-2.5	5	22 stations	1905	-1
-2.5	5	15 stations	1906	-1
-2.5	5	10 stations	1907	-1
-2.5	5	7 stations	1908	-1
-2.5	5	13 stations	1909	-1
-2.5	5	11 stations	1910	-1
-2.5	5	1 station	1912	-1
-2.5	5	1 station	1917	-1
-2.5	5	1 station	1920	-1
-2.5	5	3 stations	1921	-1
-2.5	5	6 stations	1922	-1
-2.5	5	79 stations	1923	-1
-2.5	5	70 stations	1924	-1
-2.5	5	67 stations	1925	-1
-2.5	5	53 stations	1926	-1
-2.5	5	54 stations	1927	-1
-2.5	5	61 stations	1928	-1
-2.5	5	36 stations	1929	-1
-2.5	5	28 stations	1930	-1
-2.5	5	40 stations	1931	-1
-2.5	5	17 stations	1932	-1
-2.5	5	32 stations	1933	-1
-2.5	5	1 station	1949	-1
-2.5	5	1 station	1950	-1
-2.5	5	2 stations	1951	-1
-2.5	5	10 stations	1952	-1
-2.5	5	6 stations	1953	-1
-2.5	5	10 stations	1954	-1
-2.5	5	11 stations	1955	-1
-2.5	5	6 stations	1956	-1
-2.5	5	7 stations	1957	-1
-2.5	5	7 stations	1958	-1
-2.5	5	7 stations	1959	-1
-2.5	5	11 stations	1960	-1
-2.5	5	4 stations	1961	-1
-2.5	5	7 stations	1962	-1
-2.5	5	6 stations	1963	-1
-2.5	5	4 stations	1964	-1
-2.5	5	1 station	1965	-1
-2.5	5	1 station	1966	-1
-2.5	5	2 stations	1967	-1
-2.5	5	5 stations	1968	-1
-2.5	5	1 station	1969	-1
-2.5	5	3 stations	1970	-1
-2.5	5	5 stations	1971	-1
-2.5	5	12 stations	1972	-1
-2.5	5	8 stations	1973	-1
-2.5	5	8 stations	1974	-1
-2.5	5	7 stations	1975	-1
-2.5	5	18 stations	1976	-1
-2.5	5	35 stations	1977	-1
-2.5	5	73 stations	1978	-1
-2.5	5	48 stations	1979	-1
-2.5	5	12 stations	1980	-1
-2.5	5	6 stations	1981	-1
-2.5	5	1 station	1984	-1
-2.5	5	5 stations	1991	-1
-2.5	5	8 stations	1992	-1
-2.5	5	15 stations	1993	-1
-2.5	5	26 stations	1994	-1
-2.5	5	22 stations	1995	-1
-2.5	5	22 stations	1996	-1
-2.5	5	14 stations	1997	-1
-2.5	5	15 stations	1998	-1
-2.5	5	25 stations	1999	-1
-2.5	5	37 stations	2000	-1
-2.5	5	24 stations	2001	-1
-2.5	5	21 stations	2002	-1
-2.5	5	29 stations	2003	-1
-2.5	5	52 stations	2004	-1
-2.5	5	65 stations	2005	-1
-2.5	5	2 stations	2006	-1
-2.5	5	1 station	2010	-1
-2.5	5	1 station	2018	-1
-2.5	5	11 stations	2021	-1
-2.5	5	9 stations	2024	-1
-2.5	5	4 stations	2025	-1
-2.5	5	5 stations	2026	-1
-2.5	5	7 stations	2027	-1
-2.5	5	4 stations	2028	-1
-2.5	5	5 stations	2029	-1
-2.5	5	8 stations	2030	-1
-2.5	5	12 stations	2031	-1
-2.5	5	9 stations	2032	-1
-2.5	5	5 stations	2033	-1
-2.5	5	6 stations	2034	-1
-2.5	5	6 stations	2035	-1
-2.5	5	9 stations	2036	-1
-2.5	5	2 stations	2037	-1
-2.5	5	3 stations	2038	-1
-2.5	5	2 stations	2039	-1
-2.5	5	3 stations	2040	-1
-2.5	5	10 stations	2041	-1
-2.5	5	7 stations	2042	-1
-2.5	5	8 stations	2043	-1
-2.5	5	10 stations	2044	-1
-2.5	5	11 stations	2045	-1
-2.5	5	6 stations	2046	-1
-2.5	5	4 stations	2047	-1
-2.5	5	14 stations	2048	-1
-2.5	5	21 stations	2049	-1
-2.5	5	53 stations	2050	-1
-2.5	5	39 stations	2051	-1
-2.5	5	10 stations	2052	-1
-2.5	5	25 stations	2053	-1
-2.5	5	15 stations	2054	-1
-2.5	5	1 station	2055	-1
-2.5	5	1 station	2056	-1
-2.5	5	1 station	2060	-1
-2.5	5	6 stations	2064	-1
-2.5	5	3 stations	2065	-1
-2.5	5	3 stations	2066	-1
-2.5	5	2 stations	2067	-1
-2.5	5	1 station	2068	-1
-2.5	5	2 stations	2069	-1
-2.5	5	4 stations	2070	-1
-2.5	5	4 stations	2071	-1
-2.5	5	11 stations	2072	-1
-2.5	5	19 stations	2073	-1
-2.5	5	17 stations	2074	-1
-2.5	5	19 stations	2075	-1
-2.5	5	13 stations	2076	-1
-2.5	5	10 stations	2077	-1
-2.5	5	10 stations	2078	-1
-2.5	5	6 stations	2079	-1
-2.5	5	1 station	2086	-1
-2.5	5	1 station	2088	-1
-2.5	5	1 station	2091	-1
-2.5	5	2 stations	2092	-1
-2.5	5	5 stations	2093	-1
-2.5	5	4 stations	2094	-1
-2.5	5	1 station	2095	-1
-2.5	5	1 station	2096	-1
-2.5	5	4 stations	2097	-1
-2.5	5	3 stations	2098	-1
-2.5	5	2 stations	2099	-1
-2.5	5	5 stations	2100	-1
-2.5	5	4 stations	2101	-1
-2.5	5	4 stations	2102	-1
-2.5	5	7 stations	2103	-1
-2.5	5	2 stations	2104	-1
-2.5	5	4 stations	2105	-1
-2.5	5	5 stations	2106	-1
-2.5	5	5 stations	2107	-1
-2.5	5	6 stations	2108	-1
-2.5	5	5 stations	2109	-1
-2.5	5	1 station	2110	-1
-2.5	5	8 stations	2111	-1
-2.5	5	8 stations	2112	-1
-2.5	5	9 stations	2113	-1
-2.5	5	7 stations	2114	-1
-2.5	5	9 stations	2115	-1
-2.5	5	5 stations	2116	-1
-2.5	5	9 stations	2117	-1
-2.5	5	12 stations	2118	-1
-2.5	5	6 stations	2119	-1
-2.5	5	8 stations	2120	-1
-2.5	5	11 stations	2121	-1
-2.5	5	28 stations	2122	-1
-2.5	5	34 stations	2123	-1
-2.5	5	1 station	2124	-1
-2.5	5	12 stations	2125	-1
-2.5	5	5 stations	2126	-1
-2.5	5	2 stations	2128	-1
-2.5	5	1 station	2133	-1
-2.5	5	1 station	2135	-1
-2.5	5	4 stations	2137	-1
-2.5	5	1 station	2138	-1
-2.5	5	2 stations	2140	-1
-2.5	5	3 stations	2143	-1
-2.5	5	1 station	2144	-1
-2.5	5	6 stations	2145	-1
-2.5	5	4 stations	2146	-1
-2.5	5	4 stations	2147	-1
-2.5	5	8 stations	2148	-1
-2.5	5	5 stations	2149	-1
-2.5	5	3 stations	2150	-1
-2.5	5	4 stations	2151	-1
-2.5	5	3 stations	2152	-1
-2.5	5	1 station	2153	-1
-2.5	5	3 stations	2155	-1
-2.5	5	1 station	2156	-1
-2.5	5	1 station	2157	-1
-2.5	5	1 station	2159	-1
-2.5	5	4 stations	2161	-1
-2.5	5	2 stations	2162	-1
-2.5	5	3 stations	2163	-1
-2.5	5	2 stations	2164	-1
-2.5	5	2 stations	2165	-1
-2.5	5	3 stations	2166	-1
-2.5	5	2 stations	2167	-1
-2.5	5	3 stations	2168	-1
-2.5	5	2 stations	2169	-1
-2.5	5	6 stations	2170	-1
-2.5	5	5 stations	2171	-1
-2.5	5	3 stations	2172	-1
-2.5	5	4 stations	2173	-1
-2.5	5	3 stations	2174	-1
-2.5	5	2 stations	2175	-1
-2.5	5	4 stations	2176	-1
-2.5	5	1 station	2177	-1
-2.5	5	4 stations	2178	-1
-2.5	5	3 stations	2179	-1
-2.5	5	3 stations	2180	-1
-2.5	5	3 stations	2181	-1
-2.5	5	2 stations	2182	-1
-2.5	5	3 stations	2183	-1
-2.5	5	5 stations	2184	-1
-2.5	5	5 stations	2185	-1
-2.5	5	6 stations	2186	-1
-2.5	5	9 stations	2187	-1
-2.5	5	9 stations	2188	-1
-2.5	5	6 stations	2189	-1
-2.5	5	12 stations	2190	-1
-2.5	5	9 stations	2191	-1
-2.5	5	8 stations	2192	-1
-2.5	5	6 stations	2193	-1
-2.5	5	33 stations	2194	-1
-2.5	5	47 stations	2195	-1
-2.5	5	2 stations	2196	-1
-2.5	5	1 station	2197	-1
-2.5	5	1 station	2198	-1
-2.5	5	1 station	2199	-1
-2.5	5	2 stations	2200	-1
-2.5	5	3 stations	2201	-1
-2.5	5	1 station	2203	-1
-2.5	5	4 stations	2206	-1
-2.5	5	1 station	2207	-1
-2.5	5	1 station	2209	-1
-2.5	5	3 stations	2210	-1
-2.5	5	2 stations	2212	-1
-2.5	5	1 station	2213	-1
-2.5	5	1 station	2215	-1
-2.5	5	1 station	2216	-1
-2.5	5	1 station	2217	-1
-2.5	5	1 station	2218	-1
-2.5	5	3 stations	2219	-1
-2.5	5	2 stations	2220	-1
-2.5	5	2 stations	2221	-1
-2.5	5	2 stations	2222	-1
-2.5	5	1 station	2223	-1
-2.5	5	7 stations	2224	-1
-2.5	5	2 stations	2225	-1
-2.5	5	11 stations	2226	-1
-2.5	5	4 stations	2227	-1
-2.5	5	5 stations	2228	-1
-2.5	5	2 stations	2229	-1
-2.5	5	2 stations	2230	-1
-2.5	5	1 station	2231	-1
-2.5	5	1 station	2233	-1
-2.5	5	3 stations	2234	-1
-2.5	5	2 stations	2235	-1
-2.5	5	4 stations	2236	-1
-2.5	5	2 stations	2237	-1
-2.5	5	2 stations	2238	-1
-2.5	5	1 station	2240	-1
-2.5	5	2 stations	2241	-1
-2.5	5	1 station	2242	-1
-2.5	5	2 stations	2244	-1
-2.5	5	1 station	2245	-1
-2.5	5	2 stations	2246	-1
-2.5	5	1 station	2248	-1
-2.5	5	1 station	2250	-1
-2.5	5	3 stations	2251	-1
-2.5	5	2 stations	2252	-1
-2.5	5	2 stations	2253	-1
-2.5	5	4 stations	2254	-1
-2.5	5	4 stations	2255	-1
-2.5	5	6 stations	2256	-1
-2.5	5	4 stations	2257	-1
-2.5	5	2 stations	2258	-1
-2.5	5	3 stations	2259	-1
-2.5	5	5 stations	2260	-1
-2.5	5	8 stations	2261	-1
-2.5	5	11 stations	2262	-1
-2.5	5	8 stations	2263	-1
-2.5	5	14 stations	2264	-1
-2.5	5	20 stations	2265	-1
-2.5	5	16 stations	2266	-1
-2.5	5	1 station	2268	-1
-2.5	5	1 station	2271	-1
-2.5	5	4 stations	2272	-1
-2.5	5	1 station	2273	-1
-2.5	5	1 station	2276	-1
-2.5	5	4 stations	2279	-1
-2.5	5	2 stations	2281	-1
-2.5	5	2 stations	2282	-1
-2.5	5	1 station	2283	-1
-2.5	5	1 station	2284	-1
-2.5	5	1 station	2285	-1
-2.5	5	1 station	2286	-1
-2.5	5	2 stations	2287	-1
-2.5	5	2 stations	2290	-1
-2.5	5	1 station	2291	-1
-2.5	5	2 stations	2292	-1
-2.5	5	1 station	2293	-1
-2.5	5	2 stations	2294	-1
-2.5	5	4 stations	2295	-1
-2.5	5	2 stations	2296	-1
-2.5	5	1 station	2297	-1
-2.5	5	1 station	2298	-1
-2.5	5	4 stations	2299	-1
-2.5	5	1 station	2301	-1
-2.5	5	3 stations	2302	-1
-2.5	5	4 stations	2304	-1
-2.5	5	1 station	2306	-1
-2.5	5	1 station	2308	-1
-2.5	5	1 station	2310	-1
-2.5	5	2 stations	2311	-1
-2.5	5	2 stations	2312	-1
-2.5	5	3 stations	2313	-1
-2.5	5	3 stations	2315	-1
-2.5	5	1 station	2316	-1
-2.5	5	1 station	2317	-1
-2.5	5	3 stations	2318	-1
-2.5	5	1 station	2320	-1
-2.5	5	1 station	2322	-1
-2.5	5	2 stations	2324	-1
-2.5	5	3 stations	2325	-1
-2.5	5	3 stations	2326	-1
-2.5	5	1 station	2327	-1
-2.5	5	2 stations	2329	-1
-2.5	5	1 station	2330	-1
-2.5	5	2 stations	2334	-1
-2.5	5	7 stations	2335	-1
-2.5	5	4 stations	2336	-1
-2.5	5	2 stations	2337	-1
-2.5	5	1 station	2342	-1
-2.5	5	4 stations	2345	-1
-2.5	5	1 station	2348	-1
-2.5	5	1 station	2351	-1
-2.5	5	2 stations	2352	-1
-2.5	5	1 station	2354	-1
-2.5	5	1 station	2356	-1
-2.5	5	1 station	2357	-1
-2.5	5	1 station	2359	-1
-2.5	5	1 station	2364	-1
-2.5	5	1 station	2365	-1
-2.5	5	1 station	2366	-1
-2.5	5	1 station	2369	-1
-2.5	5	1 station	2370	-1
-2.5	5	1 station	2372	-1
-2.5	5	1 station	2376	-1
-2.5	5	1 station	2385	-1
-2.5	5	1 station	2390	-1
-2.5	5	1 station	2392	-1
-2.5	5	1 station	2393	-1
-2.5	5	1 station	2394	-1
-2.5	5	1 station	2395	-1
-2.5	5	2 stations	2396	-1
-2.5	5	1 station	2397	-1
-2.5	5	1 station	2399	-1
-2.5	5	1 station	2400	-1
-2.5	5	1 station	2407	-1
-2.5	5	2 stations	2409	-1
-2.5	5	2 stations	2410	-1
-2.5	5	1 station	2416	-1
-2.5	5	2 stations	2426	-1
-2.5	5	1 station	2430	-1
-2.5	5	1 station	2433	-1
-2.5	5	1 station	2436	-1
-2.5	5	1 station	2438	-1
-2.5	5	1 station	2473	-1
-2.5	5	1 station	2474	-1
-2.5	5	1 station	2487	-1
-2.5	5	1 station	2488	-1
-2.5	5	2 stations	2491	-1
-2.5	5	1 station	2497	-1
-2.5	5	1 station	2517	-1
-2.5	5	1 station	2551	-1
-2.5	5	1 station	2556	-1
-2.5	5	1 station	2579	-1
