xmin	xmax	ymin	ymax	clickSelects
-120	-115	-85	-80	132
165	170	-80	-75	147
105	110	-80	-75	159
95	100	-80	-75	161
-30	-25	-80	-75	186
-40	-35	-80	-75	188
-45	-40	-80	-75	189
-85	-80	-80	-75	197
-165	-160	-80	-75	213
170	175	-75	-70	218
20	25	-75	-70	248
10	15	-75	-70	250
-5	0	-75	-70	253
-140	-135	-75	-70	280
155	160	-70	-65	293
140	145	-70	-65	296
135	140	-70	-65	297
110	115	-70	-65	302
100	105	-70	-65	304
95	100	-70	-65	305
90	95	-70	-65	306
75	80	-70	-65	309
60	65	-70	-65	312
45	50	-70	-65	315
35	40	-70	-65	317
-60	-55	-70	-65	336
-65	-60	-70	-65	337
-70	-65	-70	-65	338
-45	-40	-65	-60	405
-50	-45	-65	-60	406
-60	-55	-65	-60	408
-65	-60	-65	-60	409
165	170	-55	-50	507
155	160	-55	-50	509
70	75	-55	-50	526
-40	-35	-55	-50	548
-60	-55	-55	-50	552
-65	-60	-55	-50	553
-70	-65	-55	-50	554
-75	-70	-55	-50	555
-80	-75	-55	-50	556
170	175	-50	-45	578
165	170	-50	-45	579
70	75	-50	-45	598
50	55	-50	-45	602
35	40	-50	-45	605
-70	-65	-50	-45	626
-75	-70	-50	-45	627
-80	-75	-50	-45	628
170	175	-45	-40	650
145	150	-45	-40	655
-10	-5	-45	-40	686
-60	-55	-45	-40	696
-65	-60	-45	-40	697
-70	-65	-45	-40	698
-75	-70	-45	-40	699
-180	-175	-45	-40	720
175	180	-40	-35	721
170	175	-40	-35	722
150	155	-40	-35	726
145	150	-40	-35	727
140	145	-40	-35	728
135	140	-40	-35	729
75	80	-40	-35	741
-15	-10	-40	-35	759
-55	-50	-40	-35	767
-60	-55	-40	-35	768
-65	-60	-40	-35	769
-70	-65	-40	-35	770
-75	-70	-40	-35	771
155	160	-35	-30	797
150	155	-35	-30	798
145	150	-35	-30	799
140	145	-35	-30	800
135	140	-35	-30	801
130	135	-35	-30	802
125	130	-35	-30	803
120	125	-35	-30	804
115	120	-35	-30	805
30	35	-35	-30	822
25	30	-35	-30	823
20	25	-35	-30	824
15	20	-35	-30	825
-55	-50	-35	-30	839
-60	-55	-35	-30	840
-65	-60	-35	-30	841
-70	-65	-35	-30	842
-75	-70	-35	-30	843
-80	-75	-35	-30	844
165	170	-30	-25	867
150	155	-30	-25	870
145	150	-30	-25	871
140	145	-30	-25	872
135	140	-30	-25	873
130	135	-30	-25	874
125	130	-30	-25	875
120	125	-30	-25	876
115	120	-30	-25	877
110	115	-30	-25	878
45	50	-30	-25	891
30	35	-30	-25	894
25	30	-30	-25	895
20	25	-30	-25	896
15	20	-30	-25	897
-50	-45	-30	-25	910
-55	-50	-30	-25	911
-60	-55	-30	-25	912
-65	-60	-30	-25	913
-70	-65	-30	-25	914
-75	-70	-30	-25	915
-110	-105	-30	-25	922
-135	-130	-30	-25	927
-145	-140	-30	-25	929
-180	-175	-30	-25	936
165	170	-25	-20	939
160	165	-25	-20	940
150	155	-25	-20	942
145	150	-25	-20	943
140	145	-25	-20	944
135	140	-25	-20	945
130	135	-25	-20	946
120	125	-25	-20	948
115	120	-25	-20	949
110	115	-25	-20	950
55	60	-25	-20	961
45	50	-25	-20	963
40	45	-25	-20	964
35	40	-25	-20	965
30	35	-25	-20	966
25	30	-25	-20	967
20	25	-25	-20	968
15	20	-25	-20	969
-30	-25	-25	-20	978
-45	-40	-25	-20	981
-50	-45	-25	-20	982
-55	-50	-25	-20	983
-60	-55	-25	-20	984
-65	-60	-25	-20	985
-70	-65	-25	-20	986
-75	-70	-25	-20	987
-135	-130	-25	-20	999
-150	-145	-25	-20	1002
-155	-150	-25	-20	1003
-160	-155	-25	-20	1004
-180	-175	-25	-20	1008
175	180	-20	-15	1009
165	170	-20	-15	1011
150	155	-20	-15	1014
145	150	-20	-15	1015
140	145	-20	-15	1016
135	140	-20	-15	1017
130	135	-20	-15	1018
125	130	-20	-15	1019
120	125	-20	-15	1020
60	65	-20	-15	1032
55	60	-20	-15	1033
50	55	-20	-15	1034
45	50	-20	-15	1035
40	45	-20	-15	1036
35	40	-20	-15	1037
30	35	-20	-15	1038
25	30	-20	-15	1039
20	25	-20	-15	1040
15	20	-20	-15	1041
10	15	-20	-15	1042
-10	-5	-20	-15	1046
-40	-35	-20	-15	1052
-45	-40	-20	-15	1053
-50	-45	-20	-15	1054
-55	-50	-20	-15	1055
-60	-55	-20	-15	1056
-65	-60	-20	-15	1057
-70	-65	-20	-15	1058
-75	-70	-20	-15	1059
-80	-75	-20	-15	1060
-145	-140	-20	-15	1073
-150	-145	-20	-15	1074
-155	-150	-20	-15	1075
-160	-155	-20	-15	1076
-175	-170	-20	-15	1079
-180	-175	-20	-15	1080
175	180	-15	-10	1081
165	170	-15	-10	1083
140	145	-15	-10	1088
135	140	-15	-10	1089
130	135	-15	-10	1090
125	130	-15	-10	1091
105	110	-15	-10	1095
95	100	-15	-10	1097
55	60	-15	-10	1105
50	55	-15	-10	1106
45	50	-15	-10	1107
40	45	-15	-10	1108
35	40	-15	-10	1109
30	35	-15	-10	1110
25	30	-15	-10	1111
20	25	-15	-10	1112
15	20	-15	-10	1113
10	15	-15	-10	1114
-40	-35	-15	-10	1124
-45	-40	-15	-10	1125
-50	-45	-15	-10	1126
-60	-55	-15	-10	1128
-65	-60	-15	-10	1129
-70	-65	-15	-10	1130
-75	-70	-15	-10	1131
-80	-75	-15	-10	1132
-140	-135	-15	-10	1144
-145	-140	-15	-10	1145
-165	-160	-15	-10	1149
-170	-165	-15	-10	1150
-175	-170	-15	-10	1151
-180	-175	-15	-10	1152
175	180	-10	-5	1153
160	165	-10	-5	1156
155	160	-10	-5	1157
145	150	-10	-5	1159
140	145	-10	-5	1160
130	135	-10	-5	1162
125	130	-10	-5	1163
120	125	-10	-5	1164
115	120	-10	-5	1165
110	115	-10	-5	1166
105	110	-10	-5	1167
70	75	-10	-5	1174
35	40	-10	-5	1181
30	35	-10	-5	1182
25	30	-10	-5	1183
20	25	-10	-5	1184
15	20	-10	-5	1185
10	15	-10	-5	1186
-15	-10	-10	-5	1191
-35	-30	-10	-5	1195
-40	-35	-10	-5	1196
-45	-40	-10	-5	1197
-50	-45	-10	-5	1198
-55	-50	-10	-5	1199
-60	-55	-10	-5	1200
-65	-60	-10	-5	1201
-70	-65	-10	-5	1202
-75	-70	-10	-5	1203
-80	-75	-10	-5	1204
-85	-80	-10	-5	1205
-140	-135	-10	-5	1216
-160	-155	-10	-5	1220
-175	-170	-10	-5	1223
175	180	-5	0	1225
165	170	-5	0	1227
150	155	-5	0	1230
145	150	-5	0	1231
140	145	-5	0	1232
135	140	-5	0	1233
130	135	-5	0	1234
120	125	-5	0	1236
115	120	-5	0	1237
110	115	-5	0	1238
105	110	-5	0	1239
100	105	-5	0	1240
70	75	-5	0	1246
55	60	-5	0	1249
35	40	-5	0	1253
30	35	-5	0	1254
25	30	-5	0	1255
20	25	-5	0	1256
15	20	-5	0	1257
10	15	-5	0	1258
5	10	-5	0	1259
0	5	-5	0	1260
-35	-30	-5	0	1267
-40	-35	-5	0	1268
-45	-40	-5	0	1269
-50	-45	-5	0	1270
-55	-50	-5	0	1271
-60	-55	-5	0	1272
-65	-60	-5	0	1273
-70	-65	-5	0	1274
-75	-70	-5	0	1275
-80	-75	-5	0	1276
-85	-80	-5	0	1277
-90	-85	-5	0	1278
-155	-150	-5	0	1291
-170	-165	-5	0	1294
-175	-170	-5	0	1295
170	175	0	5	1298
125	130	0	5	1307
120	125	0	5	1308
115	120	0	5	1309
110	115	0	5	1310
105	110	0	5	1311
100	105	0	5	1312
95	100	0	5	1313
45	50	0	5	1323
40	45	0	5	1324
35	40	0	5	1325
30	35	0	5	1326
25	30	0	5	1327
20	25	0	5	1328
15	20	0	5	1329
10	15	0	5	1330
5	10	0	5	1331
-5	0	0	5	1333
-10	-5	0	5	1334
-55	-50	0	5	1343
-60	-55	0	5	1344
-65	-60	0	5	1345
-70	-65	0	5	1346
-75	-70	0	5	1347
-80	-75	0	5	1348
-95	-90	0	5	1351
-160	-155	0	5	1364
170	175	5	10	1370
165	170	5	10	1371
160	165	5	10	1372
155	160	5	10	1373
150	155	5	10	1374
145	150	5	10	1375
135	140	5	10	1377
130	135	5	10	1378
125	130	5	10	1379
120	125	5	10	1380
115	120	5	10	1381
110	115	5	10	1382
100	105	5	10	1384
95	100	5	10	1385
80	85	5	10	1388
75	80	5	10	1389
70	75	5	10	1390
45	50	5	10	1395
40	45	5	10	1396
35	40	5	10	1397
30	35	5	10	1398
25	30	5	10	1399
20	25	5	10	1400
15	20	5	10	1401
10	15	5	10	1402
5	10	5	10	1403
0	5	5	10	1404
-5	0	5	10	1405
-10	-5	5	10	1406
-15	-10	5	10	1407
-55	-50	5	10	1415
-60	-55	5	10	1416
-65	-60	5	10	1417
-70	-65	5	10	1418
-75	-70	5	10	1419
-80	-75	5	10	1420
-85	-80	5	10	1421
160	165	10	15	1444
140	145	10	15	1448
125	130	10	15	1451
120	125	10	15	1452
105	110	10	15	1455
100	105	10	15	1456
95	100	10	15	1457
90	95	10	15	1458
80	85	10	15	1460
75	80	10	15	1461
70	75	10	15	1462
45	50	10	15	1467
40	45	10	15	1468
35	40	10	15	1469
30	35	10	15	1470
25	30	10	15	1471
20	25	10	15	1472
15	20	10	15	1473
10	15	10	15	1474
5	10	10	15	1475
0	5	10	15	1476
-5	0	10	15	1477
-10	-5	10	15	1478
-15	-10	10	15	1479
-20	-15	10	15	1480
-25	-20	10	15	1481
-60	-55	10	15	1488
-65	-60	10	15	1489
-70	-65	10	15	1490
-75	-70	10	15	1491
-80	-75	10	15	1492
-85	-80	10	15	1493
-90	-85	10	15	1494
-95	-90	10	15	1495
165	170	15	20	1515
145	150	15	20	1519
120	125	15	20	1524
110	115	15	20	1526
105	110	15	20	1527
100	105	15	20	1528
95	100	15	20	1529
85	90	15	20	1531
80	85	15	20	1532
75	80	15	20	1533
70	75	15	20	1534
50	55	15	20	1538
40	45	15	20	1540
35	40	15	20	1541
30	35	15	20	1542
20	25	15	20	1544
15	20	15	20	1545
10	15	15	20	1546
5	10	15	20	1547
0	5	15	20	1548
-5	0	15	20	1549
-10	-5	15	20	1550
-15	-10	15	20	1551
-20	-15	15	20	1552
-25	-20	15	20	1553
-30	-25	15	20	1554
-65	-60	15	20	1561
-70	-65	15	20	1562
-75	-70	15	20	1563
-80	-75	15	20	1564
-85	-80	15	20	1565
-90	-85	15	20	1566
-95	-90	15	20	1567
-100	-95	15	20	1568
-105	-100	15	20	1569
-160	-155	15	20	1580
-170	-165	15	20	1582
150	155	20	25	1590
140	145	20	25	1592
125	130	20	25	1595
120	125	20	25	1596
115	120	20	25	1597
110	115	20	25	1598
105	110	20	25	1599
100	105	20	25	1600
95	100	20	25	1601
90	95	20	25	1602
85	90	20	25	1603
80	85	20	25	1604
75	80	20	25	1605
70	75	20	25	1606
65	70	20	25	1607
55	60	20	25	1609
45	50	20	25	1611
40	45	20	25	1612
35	40	20	25	1613
30	35	20	25	1614
20	25	20	25	1616
15	20	20	25	1617
5	10	20	25	1619
0	5	20	25	1620
-15	-10	20	25	1623
-20	-15	20	25	1624
-75	-70	20	25	1635
-80	-75	20	25	1636
-85	-80	20	25	1637
-90	-85	20	25	1638
-100	-95	20	25	1640
-105	-100	20	25	1641
-110	-105	20	25	1642
-115	-110	20	25	1643
-160	-155	20	25	1652
-170	-165	20	25	1654
140	145	25	30	1664
135	140	25	30	1665
130	135	25	30	1666
125	130	25	30	1667
120	125	25	30	1668
115	120	25	30	1669
110	115	25	30	1670
105	110	25	30	1671
100	105	25	30	1672
95	100	25	30	1673
90	95	25	30	1674
85	90	25	30	1675
80	85	25	30	1676
75	80	25	30	1677
70	75	25	30	1678
65	70	25	30	1679
60	65	25	30	1680
55	60	25	30	1681
50	55	25	30	1682
45	50	25	30	1683
40	45	25	30	1684
35	40	25	30	1685
30	35	25	30	1686
25	30	25	30	1687
20	25	25	30	1688
15	20	25	30	1689
10	15	25	30	1690
5	10	25	30	1691
0	5	25	30	1692
-5	0	25	30	1693
-10	-5	25	30	1694
-15	-10	25	30	1695
-20	-15	25	30	1696
-80	-75	25	30	1708
-85	-80	25	30	1709
-95	-90	25	30	1711
-100	-95	25	30	1712
-105	-100	25	30	1713
-110	-105	25	30	1714
-115	-110	25	30	1715
-140	-135	25	30	1720
-180	-175	25	30	1728
160	165	30	35	1732
140	145	30	35	1736
135	140	30	35	1737
130	135	30	35	1738
125	130	30	35	1739
120	125	30	35	1740
115	120	30	35	1741
110	115	30	35	1742
105	110	30	35	1743
100	105	30	35	1744
95	100	30	35	1745
90	95	30	35	1746
85	90	30	35	1747
80	85	30	35	1748
75	80	30	35	1749
70	75	30	35	1750
65	70	30	35	1751
60	65	30	35	1752
55	60	30	35	1753
50	55	30	35	1754
45	50	30	35	1755
40	45	30	35	1756
35	40	30	35	1757
30	35	30	35	1758
25	30	30	35	1759
20	25	30	35	1760
15	20	30	35	1761
10	15	30	35	1762
5	10	30	35	1763
0	5	30	35	1764
-5	0	30	35	1765
-10	-5	30	35	1766
-20	-15	30	35	1768
-55	-50	30	35	1775
-65	-60	30	35	1777
-80	-75	30	35	1780
-85	-80	30	35	1781
-90	-85	30	35	1782
-95	-90	30	35	1783
-100	-95	30	35	1784
-105	-100	30	35	1785
-110	-105	30	35	1786
-115	-110	30	35	1787
-120	-115	30	35	1788
-125	-120	30	35	1789
140	145	35	40	1808
135	140	35	40	1809
130	135	35	40	1810
125	130	35	40	1811
120	125	35	40	1812
115	120	35	40	1813
110	115	35	40	1814
105	110	35	40	1815
100	105	35	40	1816
95	100	35	40	1817
90	95	35	40	1818
85	90	35	40	1819
80	85	35	40	1820
75	80	35	40	1821
70	75	35	40	1822
65	70	35	40	1823
60	65	35	40	1824
55	60	35	40	1825
50	55	35	40	1826
45	50	35	40	1827
40	45	35	40	1828
35	40	35	40	1829
30	35	35	40	1830
25	30	35	40	1831
20	25	35	40	1832
15	20	35	40	1833
10	15	35	40	1834
5	10	35	40	1835
0	5	35	40	1836
-5	0	35	40	1837
-10	-5	35	40	1838
-30	-25	35	40	1842
-35	-30	35	40	1843
-75	-70	35	40	1851
-80	-75	35	40	1852
-85	-80	35	40	1853
-90	-85	35	40	1854
-95	-90	35	40	1855
-100	-95	35	40	1856
-105	-100	35	40	1857
-110	-105	35	40	1858
-115	-110	35	40	1859
-120	-115	35	40	1860
-125	-120	35	40	1861
145	150	40	45	1879
140	145	40	45	1880
135	140	40	45	1881
130	135	40	45	1882
125	130	40	45	1883
120	125	40	45	1884
115	120	40	45	1885
110	115	40	45	1886
105	110	40	45	1887
100	105	40	45	1888
95	100	40	45	1889
90	95	40	45	1890
85	90	40	45	1891
80	85	40	45	1892
75	80	40	45	1893
70	75	40	45	1894
65	70	40	45	1895
60	65	40	45	1896
55	60	40	45	1897
50	55	40	45	1898
45	50	40	45	1899
40	45	40	45	1900
35	40	40	45	1901
30	35	40	45	1902
25	30	40	45	1903
20	25	40	45	1904
15	20	40	45	1905
10	15	40	45	1906
5	10	40	45	1907
0	5	40	45	1908
-5	0	40	45	1909
-10	-5	40	45	1910
-20	-15	40	45	1912
-45	-40	40	45	1917
-60	-55	40	45	1920
-65	-60	40	45	1921
-70	-65	40	45	1922
-75	-70	40	45	1923
-80	-75	40	45	1924
-85	-80	40	45	1925
-90	-85	40	45	1926
-95	-90	40	45	1927
-100	-95	40	45	1928
-105	-100	40	45	1929
-110	-105	40	45	1930
-115	-110	40	45	1931
-120	-115	40	45	1932
-125	-120	40	45	1933
155	160	45	50	1949
150	155	45	50	1950
145	150	45	50	1951
140	145	45	50	1952
135	140	45	50	1953
130	135	45	50	1954
125	130	45	50	1955
120	125	45	50	1956
115	120	45	50	1957
110	115	45	50	1958
105	110	45	50	1959
100	105	45	50	1960
95	100	45	50	1961
90	95	45	50	1962
85	90	45	50	1963
80	85	45	50	1964
75	80	45	50	1965
70	75	45	50	1966
65	70	45	50	1967
60	65	45	50	1968
55	60	45	50	1969
50	55	45	50	1970
45	50	45	50	1971
40	45	45	50	1972
35	40	45	50	1973
30	35	45	50	1974
25	30	45	50	1975
20	25	45	50	1976
15	20	45	50	1977
10	15	45	50	1978
5	10	45	50	1979
0	5	45	50	1980
-5	0	45	50	1981
-20	-15	45	50	1984
-55	-50	45	50	1991
-60	-55	45	50	1992
-65	-60	45	50	1993
-70	-65	45	50	1994
-75	-70	45	50	1995
-80	-75	45	50	1996
-85	-80	45	50	1997
-90	-85	45	50	1998
-95	-90	45	50	1999
-100	-95	45	50	2000
-105	-100	45	50	2001
-110	-105	45	50	2002
-115	-110	45	50	2003
-120	-115	45	50	2004
-125	-120	45	50	2005
-130	-125	45	50	2006
-150	-145	45	50	2010
170	175	50	55	2018
155	160	50	55	2021
140	145	50	55	2024
135	140	50	55	2025
130	135	50	55	2026
125	130	50	55	2027
120	125	50	55	2028
115	120	50	55	2029
110	115	50	55	2030
105	110	50	55	2031
100	105	50	55	2032
95	100	50	55	2033
90	95	50	55	2034
85	90	50	55	2035
80	85	50	55	2036
75	80	50	55	2037
70	75	50	55	2038
65	70	50	55	2039
60	65	50	55	2040
55	60	50	55	2041
50	55	50	55	2042
45	50	50	55	2043
40	45	50	55	2044
35	40	50	55	2045
30	35	50	55	2046
25	30	50	55	2047
20	25	50	55	2048
15	20	50	55	2049
10	15	50	55	2050
5	10	50	55	2051
0	5	50	55	2052
-5	0	50	55	2053
-10	-5	50	55	2054
-15	-10	50	55	2055
-20	-15	50	55	2056
-40	-35	50	55	2060
-60	-55	50	55	2064
-65	-60	50	55	2065
-70	-65	50	55	2066
-75	-70	50	55	2067
-80	-75	50	55	2068
-85	-80	50	55	2069
-90	-85	50	55	2070
-95	-90	50	55	2071
-100	-95	50	55	2072
-105	-100	50	55	2073
-110	-105	50	55	2074
-115	-110	50	55	2075
-120	-115	50	55	2076
-125	-120	50	55	2077
-130	-125	50	55	2078
-135	-130	50	55	2079
-170	-165	50	55	2086
-180	-175	50	55	2088
165	170	55	60	2091
160	165	55	60	2092
155	160	55	60	2093
150	155	55	60	2094
145	150	55	60	2095
140	145	55	60	2096
135	140	55	60	2097
130	135	55	60	2098
125	130	55	60	2099
120	125	55	60	2100
115	120	55	60	2101
110	115	55	60	2102
105	110	55	60	2103
100	105	55	60	2104
95	100	55	60	2105
90	95	55	60	2106
85	90	55	60	2107
80	85	55	60	2108
75	80	55	60	2109
70	75	55	60	2110
65	70	55	60	2111
60	65	55	60	2112
55	60	55	60	2113
50	55	55	60	2114
45	50	55	60	2115
40	45	55	60	2116
35	40	55	60	2117
30	35	55	60	2118
25	30	55	60	2119
20	25	55	60	2120
15	20	55	60	2121
10	15	55	60	2122
5	10	55	60	2123
0	5	55	60	2124
-5	0	55	60	2125
-10	-5	55	60	2126
-20	-15	55	60	2128
-45	-40	55	60	2133
-55	-50	55	60	2135
-65	-60	55	60	2137
-70	-65	55	60	2138
-80	-75	55	60	2140
-95	-90	55	60	2143
-100	-95	55	60	2144
-105	-100	55	60	2145
-110	-105	55	60	2146
-115	-110	55	60	2147
-120	-115	55	60	2148
-125	-120	55	60	2149
-130	-125	55	60	2150
-135	-130	55	60	2151
-140	-135	55	60	2152
-145	-140	55	60	2153
-155	-150	55	60	2155
-160	-155	55	60	2156
-165	-160	55	60	2157
-175	-170	55	60	2159
175	180	60	65	2161
170	175	60	65	2162
165	170	60	65	2163
160	165	60	65	2164
155	160	60	65	2165
150	155	60	65	2166
145	150	60	65	2167
140	145	60	65	2168
135	140	60	65	2169
130	135	60	65	2170
125	130	60	65	2171
120	125	60	65	2172
115	120	60	65	2173
110	115	60	65	2174
105	110	60	65	2175
100	105	60	65	2176
95	100	60	65	2177
90	95	60	65	2178
85	90	60	65	2179
80	85	60	65	2180
75	80	60	65	2181
70	75	60	65	2182
65	70	60	65	2183
60	65	60	65	2184
55	60	60	65	2185
50	55	60	65	2186
45	50	60	65	2187
40	45	60	65	2188
35	40	60	65	2189
30	35	60	65	2190
25	30	60	65	2191
20	25	60	65	2192
15	20	60	65	2193
10	15	60	65	2194
5	10	60	65	2195
0	5	60	65	2196
-5	0	60	65	2197
-10	-5	60	65	2198
-15	-10	60	65	2199
-20	-15	60	65	2200
-25	-20	60	65	2201
-35	-30	60	65	2203
-50	-45	60	65	2206
-55	-50	60	65	2207
-65	-60	60	65	2209
-70	-65	60	65	2210
-80	-75	60	65	2212
-85	-80	60	65	2213
-95	-90	60	65	2215
-100	-95	60	65	2216
-105	-100	60	65	2217
-110	-105	60	65	2218
-115	-110	60	65	2219
-120	-115	60	65	2220
-125	-120	60	65	2221
-130	-125	60	65	2222
-135	-130	60	65	2223
-140	-135	60	65	2224
-145	-140	60	65	2225
-150	-145	60	65	2226
-155	-150	60	65	2227
-160	-155	60	65	2228
-165	-160	60	65	2229
-170	-165	60	65	2230
-175	-170	60	65	2231
175	180	65	70	2233
170	175	65	70	2234
165	170	65	70	2235
160	165	65	70	2236
155	160	65	70	2237
150	155	65	70	2238
140	145	65	70	2240
135	140	65	70	2241
130	135	65	70	2242
120	125	65	70	2244
115	120	65	70	2245
110	115	65	70	2246
100	105	65	70	2248
90	95	65	70	2250
85	90	65	70	2251
80	85	65	70	2252
75	80	65	70	2253
70	75	65	70	2254
65	70	65	70	2255
60	65	65	70	2256
55	60	65	70	2257
50	55	65	70	2258
45	50	65	70	2259
40	45	65	70	2260
35	40	65	70	2261
30	35	65	70	2262
25	30	65	70	2263
20	25	65	70	2264
15	20	65	70	2265
10	15	65	70	2266
0	5	65	70	2268
-15	-10	65	70	2271
-20	-15	65	70	2272
-25	-20	65	70	2273
-40	-35	65	70	2276
-55	-50	65	70	2279
-65	-60	65	70	2281
-70	-65	65	70	2282
-75	-70	65	70	2283
-80	-75	65	70	2284
-85	-80	65	70	2285
-90	-85	65	70	2286
-95	-90	65	70	2287
-110	-105	65	70	2290
-115	-110	65	70	2291
-120	-115	65	70	2292
-125	-120	65	70	2293
-130	-125	65	70	2294
-135	-130	65	70	2295
-140	-135	65	70	2296
-145	-140	65	70	2297
-150	-145	65	70	2298
-155	-150	65	70	2299
-165	-160	65	70	2301
-170	-165	65	70	2302
-180	-175	65	70	2304
170	175	70	75	2306
160	165	70	75	2308
150	155	70	75	2310
145	150	70	75	2311
140	145	70	75	2312
135	140	70	75	2313
125	130	70	75	2315
120	125	70	75	2316
115	120	70	75	2317
110	115	70	75	2318
100	105	70	75	2320
90	95	70	75	2322
80	85	70	75	2324
75	80	70	75	2325
70	75	70	75	2326
65	70	70	75	2327
55	60	70	75	2329
50	55	70	75	2330
30	35	70	75	2334
25	30	70	75	2335
20	25	70	75	2336
15	20	70	75	2337
-10	-5	70	75	2342
-25	-20	70	75	2345
-40	-35	70	75	2348
-55	-50	70	75	2351
-60	-55	70	75	2352
-70	-65	70	75	2354
-80	-75	70	75	2356
-85	-80	70	75	2357
-95	-90	70	75	2359
-120	-115	70	75	2364
-125	-120	70	75	2365
-130	-125	70	75	2366
-145	-140	70	75	2369
-150	-145	70	75	2370
-160	-155	70	75	2372
-180	-175	70	75	2376
135	140	75	80	2385
110	115	75	80	2390
100	105	75	80	2392
95	100	75	80	2393
90	95	75	80	2394
85	90	75	80	2395
80	85	75	80	2396
75	80	75	80	2397
65	70	75	80	2399
60	65	75	80	2400
25	30	75	80	2407
15	20	75	80	2409
10	15	75	80	2410
-20	-15	75	80	2416
-70	-65	75	80	2426
-90	-85	75	80	2430
-105	-100	75	80	2433
-120	-115	75	80	2436
-130	-125	75	80	2438
55	60	80	85	2473
50	55	80	85	2474
-15	-10	80	85	2487
-20	-15	80	85	2488
-35	-30	80	85	2491
-65	-60	80	85	2497
-165	-160	80	85	2517
25	30	85	90	2551
0	5	85	90	2556
-115	-110	85	90	2579
